INSERT INTO "PRIVADM"."TBL_USER" (FLD_USERID, FL_AREACODE, FLD_USERCODE, FLD_USERNAME, FLD_USERPASSWORD, FLD_USERSTATE, FLD_MAYDELETE, FLD_MAYUPDATE, FLD_ACCESSEXPIRATION, FLD_ACCESSDATESTART, FLD_ACCESSDATEEND, FLD_USERTIMESTAMP, FLD_PERFILID, SUS_USU_RUT, SUS_USU_PASSWORD, SUS_USU_FECEXPPASS) VALUES (1427, 'MAIN', 'LOGISTICOL', 'SISTEMA LOGISTICO COLOMBIA', 'c3981fa8d26e95d911fe8eaeb6570f2f', 'All', '1', '1', '0', TO_DATE('1900-01-01 00:00:00', 'YYYY-MM-DD HH24:MI:SS'), TO_DATE('1900-01-01 00:00:00', 'YYYY-MM-DD HH24:MI:SS'), '1', '0', '0', 'null                                                        ', TO_DATE('1900-01-01 00:00:00', 'YYYY-MM-DD HH24:MI:SS'))

Insert into DESA1.CONFIGURACIONCONEXION (USUARIO,ESTACION,HDGCODIGO,ESACODIGO,CMECODIGO,CODCCOSTO,CODUNIDAD,CODSERVICIO,CODZONA,FECHAINICIO,FECHATERMINO,CODAREAGEOGRAFICA,CODESTCONEX,FECULTMODIFICACION,USUULTMODIFICACION,FLG_SUPERUSUARIO) values ('LOGISTICOL','0020ED77A1E0','2','10','57','7201','002','CIR-90',' ',to_date('01/08/2020 12:00:00AM','DD/MM/RRRR HH:MI:SSAM'),to_date('01/08/2120 12:00:00AM','DD/MM/RRRR HH:MI:SSAM'),'0','0',to_date('12/08/2021 02:39:35PM','DD/MM/RRRR HH:MI:SSAM'),'SONDA','0');
Insert into DESA1.CONFIGURACIONCONEXION (USUARIO,ESTACION,HDGCODIGO,ESACODIGO,CMECODIGO,CODCCOSTO,CODUNIDAD,CODSERVICIO,CODZONA,FECHAINICIO,FECHATERMINO,CODAREAGEOGRAFICA,CODESTCONEX,FECULTMODIFICACION,USUULTMODIFICACION,FLG_SUPERUSUARIO) values ('LOGISTICOL','0020ED77A1E0','2','10','57','7201','096','PAB - 02',' ',to_date('01/08/2020 12:00:00AM','DD/MM/RRRR HH:MI:SSAM'),to_date('01/08/2120 12:00:00AM','DD/MM/RRRR HH:MI:SSAM'),'0','0',to_date('12/08/2021 02:39:35PM','DD/MM/RRRR HH:MI:SSAM'),'SONDA','0');
Insert into DESA1.CONFIGURACIONCONEXION (USUARIO,ESTACION,HDGCODIGO,ESACODIGO,CMECODIGO,CODCCOSTO,CODUNIDAD,CODSERVICIO,CODZONA,FECHAINICIO,FECHATERMINO,CODAREAGEOGRAFICA,CODESTCONEX,FECULTMODIFICACION,USUULTMODIFICACION,FLG_SUPERUSUARIO) values ('LOGISTICOL','0020ED77A1E0','2','10','57','7201','096','PAB - 02',' ',to_date('01/08/2020 12:00:00AM','DD/MM/RRRR HH:MI:SSAM'),to_date('01/08/2120 12:00:00AM','DD/MM/RRRR HH:MI:SSAM'),'0','0',to_date('12/08/2021 02:39:35PM','DD/MM/RRRR HH:MI:SSAM'),'SONDA','0');

Insert into PRIVADM.TBL_CONTROLCLAVEUSR (FLD_AREACODE,FLD_USERCODE,FLD_CODTIPIDENTIFICACION,FLD_NUMIDENTIFICACION,FLD_FECULTCAMBIOCLAVE,FLD_ESTADO,FLD_CAMBIACLAVE,FLD_CANTACCESO,FLD_CANTACCESOFALLIDO) values ('MAIN','LOGISTICOL','4','20200103            ',to_date('22/05/2020 12:00:00AM','DD/MM/RRRR HH:MI:SSAM'),'0','0','0','0');

Insert into FARMACIACLINICA.CLIN_FAR_ROLES_USUARIOS (ID_USUARIO,ID_ROL,HDGCODIGO,ESACODIGO,CMECODIGO) values ('1427','11000'    ,'2','10','57');
Insert into FARMACIACLINICA.CLIN_FAR_ROLES_USUARIOS (ID_USUARIO,ID_ROL,HDGCODIGO,ESACODIGO,CMECODIGO) values ('1427','12000'    ,'2','10','57');
Insert into FARMACIACLINICA.CLIN_FAR_ROLES_USUARIOS (ID_USUARIO,ID_ROL,HDGCODIGO,ESACODIGO,CMECODIGO) values ('1427','100000'   ,'2','10','57');
Insert into FARMACIACLINICA.CLIN_FAR_ROLES_USUARIOS (ID_USUARIO,ID_ROL,HDGCODIGO,ESACODIGO,CMECODIGO) values ('1427','14000'    ,'2','10','57');
Insert into FARMACIACLINICA.CLIN_FAR_ROLES_USUARIOS (ID_USUARIO,ID_ROL,HDGCODIGO,ESACODIGO,CMECODIGO) values ('1427','13000'    ,'2','10','57');
Insert into FARMACIACLINICA.CLIN_FAR_ROLES_USUARIOS (ID_USUARIO,ID_ROL,HDGCODIGO,ESACODIGO,CMECODIGO) values ('1427','5000'     ,'2','10','57');
Insert into FARMACIACLINICA.CLIN_FAR_ROLES_USUARIOS (ID_USUARIO,ID_ROL,HDGCODIGO,ESACODIGO,CMECODIGO) values ('1427','17000'    ,'2','10','57');
Insert into FARMACIACLINICA.CLIN_FAR_ROLES_USUARIOS (ID_USUARIO,ID_ROL,HDGCODIGO,ESACODIGO,CMECODIGO) values ('1427','16000'    ,'2','10','57');
Insert into FARMACIACLINICA.CLIN_FAR_ROLES_USUARIOS (ID_USUARIO,ID_ROL,HDGCODIGO,ESACODIGO,CMECODIGO) values ('1427','15000'    ,'2','10','57');
Insert into FARMACIACLINICA.CLIN_FAR_ROLES_USUARIOS (ID_USUARIO,ID_ROL,HDGCODIGO,ESACODIGO,CMECODIGO) values ('1427','2000'     ,'2','10','57');
Insert into FARMACIACLINICA.CLIN_FAR_ROLES_USUARIOS (ID_USUARIO,ID_ROL,HDGCODIGO,ESACODIGO,CMECODIGO) values ('1427','110000'   ,'2','10','57');
Insert into FARMACIACLINICA.CLIN_FAR_ROLES_USUARIOS (ID_USUARIO,ID_ROL,HDGCODIGO,ESACODIGO,CMECODIGO) values ('1427','0'        ,'2','10','57');
Insert into FARMACIACLINICA.CLIN_FAR_ROLES_USUARIOS (ID_USUARIO,ID_ROL,HDGCODIGO,ESACODIGO,CMECODIGO) values ('1427','18000'    ,'2','10','57');
Insert into FARMACIACLINICA.CLIN_FAR_ROLES_USUARIOS (ID_USUARIO,ID_ROL,HDGCODIGO,ESACODIGO,CMECODIGO) values ('1427','120000'   ,'2','10','57');
Insert into FARMACIACLINICA.CLIN_FAR_ROLES_USUARIOS (ID_USUARIO,ID_ROL,HDGCODIGO,ESACODIGO,CMECODIGO) values ('1427','130000'   ,'2','10','57');
Insert into FARMACIACLINICA.CLIN_FAR_ROLES_USUARIOS (ID_USUARIO,ID_ROL,HDGCODIGO,ESACODIGO,CMECODIGO) values ('1427','140000'   ,'2','10','57');
Insert into FARMACIACLINICA.CLIN_FAR_ROLES_USUARIOS (ID_USUARIO,ID_ROL,HDGCODIGO,ESACODIGO,CMECODIGO) values ('1427','10000'    ,'2','10','57');
Insert into FARMACIACLINICA.CLIN_FAR_ROLES_USUARIOS (ID_USUARIO,ID_ROL,HDGCODIGO,ESACODIGO,CMECODIGO) values ('1427','9000'     ,'2','10','57');
Insert into FARMACIACLINICA.CLIN_FAR_ROLES_USUARIOS (ID_USUARIO,ID_ROL,HDGCODIGO,ESACODIGO,CMECODIGO) values ('1427','9100'     ,'2','10','57');
Insert into FARMACIACLINICA.CLIN_FAR_ROLES_USUARIOS (ID_USUARIO,ID_ROL,HDGCODIGO,ESACODIGO,CMECODIGO) values ('1427','6000'     ,'2','10','57');
Insert into FARMACIACLINICA.CLIN_FAR_ROLES_USUARIOS (ID_USUARIO,ID_ROL,HDGCODIGO,ESACODIGO,CMECODIGO) values ('1427','7000'     ,'2','10','57');
Insert into FARMACIACLINICA.CLIN_FAR_ROLES_USUARIOS (ID_USUARIO,ID_ROL,HDGCODIGO,ESACODIGO,CMECODIGO) values ('1427','3000'     ,'2','10','57');
Insert into FARMACIACLINICA.CLIN_FAR_ROLES_USUARIOS (ID_USUARIO,ID_ROL,HDGCODIGO,ESACODIGO,CMECODIGO) values ('1427','8000'     ,'2','10','57');
Insert into FARMACIACLINICA.CLIN_FAR_ROLES_USUARIOS (ID_USUARIO,ID_ROL,HDGCODIGO,ESACODIGO,CMECODIGO) values ('1427','1000'     ,'2','10','57');
Insert into FARMACIACLINICA.CLIN_FAR_ROLES_USUARIOS (ID_USUARIO,ID_ROL,HDGCODIGO,ESACODIGO,CMECODIGO) values ('1427','4000'     ,'2','10','57');
Insert into FARMACIACLINICA.CLIN_FAR_ROLES_USUARIOS (ID_USUARIO,ID_ROL,HDGCODIGO,ESACODIGO,CMECODIGO) values ('1427','999999999','2','10','57');



Insert into FARMACIACLINICA.CLIN_FAR_ROLES (ID_ROL,HDGCODIGO,ESACODIGO,CMECODIGO,CODIGO_ROL,NOMBRE_ROL,DESCRIPCION_ROL) values ('12000' ,'2','10','57','12000','Multiempresa ','Usuario Multiempresa');
Insert into FARMACIACLINICA.CLIN_FAR_ROLES (ID_ROL,HDGCODIGO,ESACODIGO,CMECODIGO,CODIGO_ROL,NOMBRE_ROL,DESCRIPCION_ROL) values ('9100'  ,'2','10','57','9100','Realiza Rechazo','Realiza Rechazo');
Insert into FARMACIACLINICA.CLIN_FAR_ROLES (ID_ROL,HDGCODIGO,ESACODIGO,CMECODIGO,CODIGO_ROL,NOMBRE_ROL,DESCRIPCION_ROL) values ('18000' ,'2','10','57','18000','Acompañamiento Clínico','Ingresa a la pantalla de Dispensación de recetas pero solo permite la visualización');
Insert into FARMACIACLINICA.CLIN_FAR_ROLES (ID_ROL,HDGCODIGO,ESACODIGO,CMECODIGO,CODIGO_ROL,NOMBRE_ROL,DESCRIPCION_ROL) values ('11000' ,'2','10','57','11000','Auxiliar de Farmacia','Gestión de Autopedido');
Insert into FARMACIACLINICA.CLIN_FAR_ROLES (ID_ROL,HDGCODIGO,ESACODIGO,CMECODIGO,CODIGO_ROL,NOMBRE_ROL,DESCRIPCION_ROL) values ('13000' ,'2','10','57','13000','Gestionador de Solicitudes a Bodegas Servicio de Apoyo','Gestiona solicitudes de bodegas');
Insert into FARMACIACLINICA.CLIN_FAR_ROLES (ID_ROL,HDGCODIGO,ESACODIGO,CMECODIGO,CODIGO_ROL,NOMBRE_ROL,DESCRIPCION_ROL) values ('14000' ,'2','10','57','14000','Administrador Bodega Servicio de Apoyo','Gestiona solicitudes de bodegas');
Insert into FARMACIACLINICA.CLIN_FAR_ROLES (ID_ROL,HDGCODIGO,ESACODIGO,CMECODIGO,CODIGO_ROL,NOMBRE_ROL,DESCRIPCION_ROL) values ('0','1' ,'2','10','57','Administrador TI','Administrador del sistema, perfil informático');
Insert into FARMACIACLINICA.CLIN_FAR_ROLES (ID_ROL,HDGCODIGO,ESACODIGO,CMECODIGO,CODIGO_ROL,NOMBRE_ROL,DESCRIPCION_ROL) values ('1000'  ,'2','10','57','1000','Administrador Bodega Servicio Clínico','Jefe Bodega o supervisor');
Insert into FARMACIACLINICA.CLIN_FAR_ROLES (ID_ROL,HDGCODIGO,ESACODIGO,CMECODIGO,CODIGO_ROL,NOMBRE_ROL,DESCRIPCION_ROL) values ('2000'  ,'2','10','57','2000','Jefe Farmacia','Jefe Farmacia');
Insert into FARMACIACLINICA.CLIN_FAR_ROLES (ID_ROL,HDGCODIGO,ESACODIGO,CMECODIGO,CODIGO_ROL,NOMBRE_ROL,DESCRIPCION_ROL) values ('3000'  ,'2','10','57','3000','Auditor','Auditor de sistema');
Insert into FARMACIACLINICA.CLIN_FAR_ROLES (ID_ROL,HDGCODIGO,ESACODIGO,CMECODIGO,CODIGO_ROL,NOMBRE_ROL,DESCRIPCION_ROL) values ('4000'  ,'2','10','57','4000','Gestionador de Solicitudes a Bodegas Servicio Clínico','Genara solicitude a otra bodega');
Insert into FARMACIACLINICA.CLIN_FAR_ROLES (ID_ROL,HDGCODIGO,ESACODIGO,CMECODIGO,CODIGO_ROL,NOMBRE_ROL,DESCRIPCION_ROL) values ('5000'  ,'2','10','57','5000','Gestionador de Solicitudes de Cargo Servicio ','Genera Solicitudes Pacientes');
Insert into FARMACIACLINICA.CLIN_FAR_ROLES (ID_ROL,HDGCODIGO,ESACODIGO,CMECODIGO,CODIGO_ROL,NOMBRE_ROL,DESCRIPCION_ROL) values ('6000'  ,'2','10','57','6000','Dispensador Bodega Servicio Clínico','Dispensador Bodega');
Insert into FARMACIACLINICA.CLIN_FAR_ROLES (ID_ROL,HDGCODIGO,ESACODIGO,CMECODIGO,CODIGO_ROL,NOMBRE_ROL,DESCRIPCION_ROL) values ('7000'  ,'2','10','57','7000','Dispensador Pacientes Auxiliar de Solicitud Paciente','Dispensador Pacientes');
Insert into FARMACIACLINICA.CLIN_FAR_ROLES (ID_ROL,HDGCODIGO,ESACODIGO,CMECODIGO,CODIGO_ROL,NOMBRE_ROL,DESCRIPCION_ROL) values ('8000'  ,'2','10','57','8000','Supervisor de Abastecimiento','Recepcion Solicitudes');
Insert into FARMACIACLINICA.CLIN_FAR_ROLES (ID_ROL,HDGCODIGO,ESACODIGO,CMECODIGO,CODIGO_ROL,NOMBRE_ROL,DESCRIPCION_ROL) values ('9000'  ,'2','10','57','9000','Quimico
Farmaceutico','Realiza Devoluciones');                                                                                                             
Insert into FARMACIACLINICA.CLIN_FAR_ROLES (ID_ROL,HDGCODIGO,ESACODIGO,CMECODIGO,CODIGO_ROL,NOMBRE_ROL,DESCRIPCION_ROL) values ('10000' ,'2','10','57','10000','Gestionador de Solicitudes de Consumo','Solicitudes de Consumos');
Insert into FARMACIACLINICA.CLIN_FAR_ROLES (ID_ROL,HDGCODIGO,ESACODIGO,CMECODIGO,CODIGO_ROL,NOMBRE_ROL,DESCRIPCION_ROL) values ('100000','2','10','57','100000','Monitor','Monitor');
Insert into FARMACIACLINICA.CLIN_FAR_ROLES (ID_ROL,HDGCODIGO,ESACODIGO,CMECODIGO,CODIGO_ROL,NOMBRE_ROL,DESCRIPCION_ROL) values ('15000' ,'2','10','57','15000','Consulta Consumo Bodegas','Consulta el Consumo de paciente por Bodega');
Insert into FARMACIACLINICA.CLIN_FAR_ROLES (ID_ROL,HDGCODIGO,ESACODIGO,CMECODIGO,CODIGO_ROL,NOMBRE_ROL,DESCRIPCION_ROL) values ('16000' ,'2','10','57','16000','Plantillas Bodegas','Ingresa a pantalla de Plantillas de Bodegas');
Insert into FARMACIACLINICA.CLIN_FAR_ROLES (ID_ROL,HDGCODIGO,ESACODIGO,CMECODIGO,CODIGO_ROL,NOMBRE_ROL,DESCRIPCION_ROL) values ('17000' ,'2','10','57','17000','Plantillas Procedimientos','Ingresa a pantalla de Plantillas de Procedimientos');
Insert into FARMACIACLINICA.CLIN_FAR_ROLES (ID_ROL,HDGCODIGO,ESACODIGO,CMECODIGO,CODIGO_ROL,NOMBRE_ROL,DESCRIPCION_ROL) values ('120000','2','10','57','120000','Orden de Compra','Acceso a Opciones de Orden de Compra');
Insert into FARMACIACLINICA.CLIN_FAR_ROLES (ID_ROL,HDGCODIGO,ESACODIGO,CMECODIGO,CODIGO_ROL,NOMBRE_ROL,DESCRIPCION_ROL) values ('110000','2','10','57','110000','Control Stock Mínimo','Control Stock Mínimo');
Insert into FARMACIACLINICA.CLIN_FAR_ROLES (ID_ROL,HDGCODIGO,ESACODIGO,CMECODIGO,CODIGO_ROL,NOMBRE_ROL,DESCRIPCION_ROL) values ('130000','2','10','57','130000','Auxiliar de Central de Mezclas','Ingresa a las pantallas de orden de alistamiento, etiquetas y materias primas');
Insert into FARMACIACLINICA.CLIN_FAR_ROLES (ID_ROL,HDGCODIGO,ESACODIGO,CMECODIGO,CODIGO_ROL,NOMBRE_ROL,DESCRIPCION_ROL) values ('140000','2','10','57','140000','Regente de Farmacia','Ingresa a las pantallas de despeje y liberación, etiquetas y materias primas');
